Store,Sales,Employees,LocationPopulation,CustomerSatisfaction
Tienda_1,475.3198042323166,42,71.89429367199527,0.915564416778033
Tienda_2,748.2920440979423,62,348.20024800002113,5.700666604160945
Tienda_3,100.1029373356104,88,327.3972058889403,4.179265391903386
Tienda_4,372.09931536865577,43,183.430153511168,3.678432406384296
Tienda_5,232.08030173540172,13,383.9841958304097,8.129949703859737
Tienda_6,183.104735291918,37,184.7005445434469,2.8976000273953573
Tienda_7,267.6341902399038,39,378.86629305604606,7.173916012578099
Tienda_8,411.00465433874297,15,441.8574965206655,6.129480927278149
Tienda_9,457.09072680760295,28,15.717904903637857,4.269098256792265
Tienda_10,584.9350606030213,20,254.0734441178359,7.518729697698476
Tienda_11,477.2750629629653,92,46.15808558632076,4.278126325923221
Tienda_12,716.6975503570835,30,395.60622248984674,4.283824051652493
Tienda_13,284.0070247583657,76,41.39299162072646,3.619044427567548
Tienda_14,890.3056927518509,97,184.10207758404988,1.5333847791957445
Tienda_15,124.64883387813354,79,471.500104889177,9.371903244000068
Tienda_16,703.420759160562,67,196.10361051666155,9.164098732731798
Tienda_17,475.5743221304143,51,383.8308359880445,7.819584624894658
Tienda_18,602.8208456011764,37,388.0815490417402,6.163289451076759
Tienda_19,226.3482447357104,93,157.66664275084776,0.3599943637637026
Tienda_20,278.2913401763909,28,388.6421819210128,6.5432377168950415
Tienda_21,820.670111807983,60,84.93561305147409,1.297696089146605
Tienda_22,971.4354181474578,70,293.53062606050423,2.943594751304114
Tienda_23,382.08176034331854,82,14.413918510911037,3.6081475442722777
Tienda_24,723.0903541023827,8,357.4308357764943,2.746451512224468
Tienda_25,888.7502370664345,5,240.61399575458628,0.7396899351720321
Tienda_26,905.1459971534626,82,384.6503594178442,1.5213715839256237
Tienda_27,176.5397902328001,11,239.0224147420556,1.616185247557571
Tienda_28,135.14930490959412,57,141.81051511633572,9.3871169970452
Tienda_29,252.847377608112,90,417.5293686132095,3.711339009554683
Tienda_30,890.3282530864718,75,280.1492211869969,0.5001808588824264
Tienda_31,188.5121504497451,7,44.33993305598828,7.409555557358843
Tienda_32,478.9968625045469,81,241.51276862022664,2.9868024210460264
Tienda_33,962.1005771354518,96,373.9547667426749,2.0435812786188503
Tienda_34,579.8487564757154,26,104.05847833634093,9.817566411866316
Tienda_35,722.689402555426,80,237.51263664916215,8.93021212196286
Tienda_36,383.9640679054567,12,122.87777610254952,7.593487949563279
Tienda_37,717.8508349134253,82,259.0412934079716,6.5112055890278615
Tienda_38,851.1631047076356,77,112.1984727105649,0.3968350206572635
Tienda_39,116.45944960977263,80,34.1590799290473,8.138763651723375
Tienda_40,775.1298834504707,81,264.242319173312,7.625731346670644
Tienda_41,989.9749800158452,48,94.41639259264817,4.552824669879854
Tienda_42,773.3490889418555,25,204.19351088138956,5.3182645133596775
Tienda_43,352.39959285796465,35,62.60899844668938,1.0933606758523895
Tienda_44,810.3513956063397,41,259.807036300327,1.4603274598822868
Tienda_45,192.90340591987783,12,60.04626394371458,5.087887387793378
Tienda_46,503.1041735583146,50,151.47173802574886,2.1565028090279115
Tienda_47,917.735952783786,73,123.56164761545332,9.1644370309437
Tienda_48,364.2527335363116,62,484.1572850390906,4.621525128552284
Tienda_49,358.99780472771386,87,146.3762307230005,1.322672744567307
Tienda_50,217.0257149064499,18,124.47503638863564,7.642416087544277
Tienda_51,475.3198042323166,56,64.45929220994753,5.9703092948397245
Tienda_52,748.2920440979423,64,426.5921719031388,6.3300100064086395
Tienda_53,100.10293733561039,99,139.59999808051094,3.59331102266378
Tienda_54,372.09931536865577,69,476.84589503512126,8.330687662382777
Tienda_55,232.08030173540175,19,84.64000567109379,4.741647358427958
Tienda_56,183.10473529191802,57,341.7387943300389,4.412841490096313
Tienda_57,267.6341902399038,49,174.68242824907279,1.1837147572481554
Tienda_58,411.00465433874297,21,318.733049363378,5.95780832929278
Tienda_59,457.09072680760295,69,124.34478124148558,5.4871463916043774
Tienda_60,584.9350606030213,35,13.002827178501283,1.1222568052344961
Tienda_61,477.2750629629653,87,379.1285670589199,3.5074239363837814
Tienda_62,716.6975503570835,15,462.4512881394801,8.976775933412025
Tienda_63,284.0070247583657,50,486.20443296009523,5.76554331343554
Tienda_64,890.3056927518509,93,302.8029338352121,7.920836400620969
Tienda_65,124.64883387813354,83,348.24245609720145,3.9846763738052546
Tienda_66,703.420759160562,64,438.5040921962534,9.92115952758147
Tienda_67,475.57432213041426,47,374.4455443467927,0.5976715142963895
Tienda_68,602.8208456011764,69,91.37509862503684,1.3136304993262193
Tienda_69,226.3482447357104,10,373.5487785192751,0.08931736576852423
Tienda_70,278.2913401763909,95,208.96606035171465,9.640682137683859
Tienda_71,820.670111807983,81,367.1494066606394,9.522814565397825
Tienda_72,971.4354181474578,60,435.3396338761912,6.871884342153123
Tienda_73,382.08176034331854,47,275.12946928723716,5.854043284671605
Tienda_74,723.0903541023827,25,401.09363683939847,6.75471103116481
Tienda_75,888.7502370664345,93,238.6907846547002,4.691383008734238
Tienda_76,905.1459971534626,73,474.9800078470702,6.775383064858685
Tienda_77,176.5397902328001,23,347.5822497504938,7.383063031365734
Tienda_78,135.14930490959412,97,367.06678139354995,2.538057954220662
Tienda_79,252.847377608112,54,213.3301708731917,9.80544215949167
Tienda_80,890.3282530864718,88,104.2164015629722,4.207618163154976
Tienda_81,188.5121504497451,20,337.24047133841225,6.63618356777312
Tienda_82,478.9968625045469,22,244.16335566717984,3.038988364939174
Tienda_83,962.1005771354518,66,438.8176914129147,2.7828506679902896
Tienda_84,579.8487564757154,12,421.37524723192536,5.184737986119097
Tienda_85,722.689402555426,69,295.37448513930104,6.933702535633966
Tienda_86,383.96406790545666,60,46.00003148998812,4.384258547330678
Tienda_87,717.8508349134253,7,329.25494375545,2.187318974580225
Tienda_88,851.1631047076356,95,323.6022914447279,4.90908421209401
Tienda_89,116.45944960977263,9,361.6491713774995,9.885926262096058
Tienda_90,775.1298834504707,21,198.24349130421965,9.023343976384425
Tienda_91,989.9749800158453,82,313.2340582869857,8.71679397360896
Tienda_92,773.3490889418555,73,193.97570206666387,8.784398737344164
Tienda_93,352.39959285796465,35,411.6002486079663,4.982187898162916
Tienda_94,810.3513956063397,57,181.40846661299204,0.4378385210563185
Tienda_95,192.90340591987783,89,229.40865303734287,1.352618743634536
Tienda_96,503.10417355831464,41,280.63349497221503,5.288704764537594
Tienda_97,917.735952783786,64,177.5548942550344,9.042306000651042
Tienda_98,364.25273353631155,36,387.15252272156016,2.981531869798112
Tienda_99,358.99780472771386,40,289.9803887904681,3.4125987797334245
Tienda_100,217.0257149064499,37,140.4621590620509,3.911169306492339
Tienda_101,117.43026208326737,55,473.7393563113878,6.025141316533304
Tienda_102,710.9519796459018,56,13.8906005126512,2.4278328061041754
Tienda_103,290.4653044000531,10,314.10153333150896,6.79358661206551
Tienda_104,338.99199343500356,38,149.93678177797474,0.804800990740272
Tienda_105,542.4158433523045,5,28.683833563197506,1.5094914837038043
Tienda_106,148.02629060537234,14,329.1181978699035,9.236448352980037
Tienda_107,616.7058449428117,36,418.4217426866806,3.4500944228087214
Tienda_108,232.05571741522914,40,329.58737029564827,7.759271725418513
Tienda_109,630.3749832129558,93,449.11958862769904,2.316637698345848
Tienda_110,729.7825240188381,65,157.08982570857077,9.560067989183784
Tienda_111,192.10098594504325,43,55.24449833692267,0.9148906564086801
Tienda_112,472.6503890376115,16,275.1462720239213,0.7752268976032417
Tienda_113,724.9601419549706,49,420.3892214499047,7.960458957552852
Tienda_114,472.7613425742124,48,322.35616558196034,4.7745967657837
Tienda_115,144.95811305147845,12,78.39554990393545,0.21839531341903196
Tienda_116,582.3067653239605,67,168.57243567066234,3.0053400508137775
Tienda_117,697.4151806978099,61,394.5697585610644,2.6103028121554015
Tienda_118,563.4002008524777,98,498.48606291675065,8.213007605519312
Tienda_119,950.135280391732,57,496.8003794064518,7.019799763096959
Tienda_120,627.8995364517937,29,466.9059345321334,4.164879529809886
Tienda_121,913.0617237590951,48,474.30598579216553,8.568021948829177
Tienda_122,223.72723373161378,56,228.7272985410438,4.436831213331952
Tienda_123,225.34871252568269,15,202.87633192884422,0.5549089307899657
Tienda_124,826.6521598385714,99,249.01269246998075,8.59701441905349
Tienda_125,457.9091532869802,54,37.46428824211454,0.1914266608029236
Tienda_126,248.8187774052395,23,123.72795843975331,3.968634764244533
Tienda_127,934.7577223564305,15,427.57038991497626,7.170900384512601
Tienda_128,412.9892737709559,66,313.022352060407,4.135292748694824
Tienda_129,775.73089282254,44,327.41608479488224,8.981110764991492
Tienda_130,753.3981868154063,11,275.1876758831703,7.497313798484234
Tienda_131,894.9754820852288,12,293.8281127444596,5.643239438097501
Tienda_132,661.304986350048,84,143.4257864975575,7.936894604957248
Tienda_133,775.8481906246035,17,251.7415132948923,1.7652316231555454
Tienda_134,414.00850778005827,5,15.265744611874226,0.9314508453005699
Tienda_135,342.9351025885235,8,236.7841523419578,9.073565424622721
Tienda_136,906.2975963764602,56,270.92061420363706,6.505816631109125
Tienda_137,485.2820708841654,20,414.6794258627789,9.525339974998166
Tienda_138,968.356042433547,72,56.710409890816806,3.949863207518641
Tienda_139,697.0973480366033,86,198.72021711068146,1.1836853522372437
Tienda_140,659.5261481882096,64,143.09363740509656,6.914056943260779
Tienda_141,203.27137565803767,71,127.66610355101301,0.6006308387569592
Tienda_142,954.5403328363641,20,485.27399035032425,3.6738025341377547
Tienda_143,504.92092013194645,66,217.72729711561342,4.4098479050510235
Tienda_144,620.5506529484186,69,163.0790825771973,5.250946529439141
Tienda_145,467.3231224851531,24,188.25409840271442,7.2578261509497235
Tienda_146,313.32428221872493,49,318.544087731825,5.134915139624351
Tienda_147,913.0415685060284,92,283.48876209243116,7.632527598915001
Tienda_148,616.3115380050573,66,94.3871576684449,7.194558949038763
Tienda_149,102.58329432804307,26,348.29614499174903,5.990443390631915
Tienda_150,655.4304222586514,5,423.4124109995919,9.430982357765656
Tienda_151,393.98041159488656,68,90.97482732915607,0.8654361922766474
Tienda_152,574.3522920318484,99,314.9958140281112,2.497779606574344
Tienda_153,897.347889379697,89,477.83562325494387,3.0520159891964926
Tienda_154,421.5427840022498,6,84.21998863685306,9.424409677746814
Tienda_155,917.6816358278193,89,336.631799017316,6.1887995035132635
Tienda_156,661.0241042126224,65,185.57819707957464,5.951000663836875
Tienda_157,114.23911856190065,81,429.41954419978896,1.8563955893965989
Tienda_158,936.4935103693851,27,111.46989669502265,0.31256757762100573
Tienda_159,721.8072257652316,19,408.90801409285575,2.2958763887763247
Tienda_160,997.5905654063324,29,462.05803857368744,6.829916387787147
Tienda_161,255.10645751079568,51,189.84946464902356,4.904281356907134
Tienda_162,223.42217466598998,37,262.5068520858832,5.443697608268968
Tienda_163,939.3359167334472,85,32.10577558495028,6.815470441432755
Tienda_164,727.1363453409101,75,15.82675401878167,9.944782564208946
Tienda_165,159.40015544985624,59,447.2698695687023,3.427936484099118
Tienda_166,779.9167473422198,29,224.0989785483352,2.387207633858952
Tienda_167,778.4885696151217,82,474.10929943150745,4.7909990842856445
Tienda_168,930.722081991835,94,272.263260132581,9.687687000530214
Tienda_169,740.3722827656246,40,280.9937171339653,9.205123423150733
Tienda_170,211.84386577494823,62,266.0914875219141,1.6083132206687967
Tienda_171,117.89212045581603,36,191.23985772670488,8.464484269978618
Tienda_172,123.58988818994735,44,271.4306640720947,4.330587876042193
Tienda_173,125.47583921871515,19,428.63971916598734,4.457447650197265
Tienda_174,321.58996084274133,98,441.8176166724192,6.090711364072963
Tienda_175,874.0251538145992,53,482.08994218883277,2.4522431424287694
Tienda_176,584.9479579074875,18,306.6100568878746,5.42424616120474
Tienda_177,597.5397808171892,24,376.09733135874427,8.762327164073564
Tienda_178,857.8278031236451,20,393.74889885018433,5.0923074531515
Tienda_179,211.75598360792003,46,132.60331020327686,5.644134942587811
Tienda_180,351.26531111002555,40,428.2071213478018,7.846799208985424
Tienda_181,627.1833443124591,30,473.4570499620441,6.428943641727618
Tienda_182,972.6361734877071,56,275.2161780171097,6.752399830756772
Tienda_183,604.9271973301389,39,465.0034904669442,0.6932917194906119
Tienda_184,116.78256043564872,27,264.4074743686132,8.918669269783967
Tienda_185,820.5694054125547,38,127.6711000000009,3.615956439830028
Tienda_186,309.6768464569184,66,199.0958182799733,7.511786558834867
Tienda_187,826.3946760569012,83,162.40624060522254,4.26481131696289
Tienda_188,449.07457965775455,12,248.8477561333696,1.2072425579722146
Tienda_189,877.1876691034857,37,436.4255213852984,7.990307594043367
Tienda_190,772.4094784634661,8,152.3024582496865,0.8744084375964034
Tienda_191,600.616210591377,72,372.27022061805803,9.665223301572835
Tienda_192,222.8097030946165,62,498.03335590069327,8.252946215336415
Tienda_193,153.9259205609905,51,261.69338042715196,9.746094813561948
Tienda_194,209.2091101666636,94,477.30700928291367,7.562689720137122
Tienda_195,140.09669069028556,26,107.11264649402358,5.201538940931134
Tienda_196,196.74471619548362,97,214.28188755213273,6.795410817953687
Tienda_197,303.1384047470692,89,193.48615745029778,8.400733410112231
Tienda_198,741.690082344409,63,481.32586689544195,4.979692600967787
Tienda_199,603.7452838487281,69,452.31546404057065,3.9714653729815694
Tienda_200,111.30038214320427,45,305.51797995523333,6.115167010684196
Tienda_201,164.7768517205381,83,221.19935049834322,1.4496672914401532
Tienda_202,970.5486970002448,83,318.83047098299835,4.685759615935718
Tienda_203,611.2904157279479,67,245.125567275717,0.6702739508614419
Tienda_204,282.96391119489147,67,211.24458864607936,3.591185011764071
Tienda_205,327.0931701132911,52,119.75887890872662,2.4004529023448704
Tienda_206,769.4432686675837,32,364.29816624369425,1.8166878520887986
Tienda_207,275.8865329983869,76,302.1808174993593,8.826621873219949
Tienda_208,623.223034545932,47,308.25752969082987,3.1321450974410614
Tienda_209,973.0179901794811,19,198.4125801497382,2.2622047160694434
Tienda_210,862.1459213410317,98,125.13421755317106,9.38529126005923
Tienda_211,315.86298323282756,56,199.9082452120054,1.1258072667617736
Tienda_212,544.392742841857,23,485.75604054445176,8.558190683809972
Tienda_213,657.9601465432418,83,246.95997789857955,9.287078937821132
Tienda_214,846.0828095951608,15,211.84797907113122,5.560747358375984
Tienda_215,241.11225518147583,40,285.5472648715094,2.0236282599454523
Tienda_216,116.71858195966857,54,423.4948742766071,1.5975180126233368
Tienda_217,163.0199293473001,98,116.39382454951638,3.8407681432559606
Tienda_218,537.7105998433286,84,252.85937940874234,9.754007045026569
Tienda_219,645.6965154879973,94,155.72805171690746,5.029894099926726
Tienda_220,611.9662933778332,9,367.2580009064496,5.914500781711727
Tienda_221,385.62616838994467,10,405.0777378990883,5.089025567535251
Tienda_222,989.7545389712039,91,245.73493704587227,2.728610111743053
Tienda_223,621.7706973212172,34,176.51463563892415,6.553387804248432
Tienda_224,442.12705536119535,58,263.2798081913811,5.159237103754237
Tienda_225,595.8533972061072,85,46.104839918924355,6.2060437884916695
Tienda_226,770.8009878158518,77,184.65897692845084,2.3258545806544073
Tienda_227,702.3096041078661,34,358.90077579237345,5.917194232581522
Tienda_228,338.4276018965285,43,102.4886043168676,3.4514236358776507
Tienda_229,159.7013509855974,83,262.78957492511375,1.2874694356315175
Tienda_230,433.0757781226957,59,63.382553406721165,3.0217341586565514
Tienda_231,666.7457563194081,47,90.50689590809958,7.471556402344022
Tienda_232,289.15660892335563,69,132.84649676152392,1.1527043070664322
Tienda_233,777.4799983649325,73,243.13976959491174,1.3981500674366265
Tienda_234,159.88283321870344,49,241.82271137424073,3.338460153525924
Tienda_235,334.28358872068685,89,92.79201120422555,2.1317392751847875
Tienda_236,824.2791073690108,78,15.482494216018868,7.992495036522854
Tienda_237,274.09085436099497,55,173.92615521163006,3.849406316353481
Tienda_238,675.5147927919461,85,333.84192246115373,7.68457810015688
Tienda_239,572.2032782113604,55,86.53874777236874,6.185045319450044
Tienda_240,932.3271733594156,40,343.0118597696504,4.918430806499103
Tienda_241,336.96709343839984,77,62.05133246576391,0.8137132602413577
Tienda_242,159.3649816156214,20,456.5546911629086,9.817343432663668
Tienda_243,761.5593669598026,44,379.14760421304175,2.4331344582367698
Tienda_244,794.9602265889221,7,465.0880315620856,9.810158044436154
Tienda_245,917.0342672531716,40,489.3494310847599,0.24292312035509744
Tienda_246,938.7748622771536,84,326.33779244989563,1.9821425081847732
Tienda_247,112.55641567803731,20,169.69794350998612,9.659005036714097
Tienda_248,310.92587750927845,20,107.44198472584829,6.995066571630622
Tienda_249,655.1005213014919,99,486.7050763886264,2.3958599083319676
Tienda_250,954.1146886188548,71,244.0021831180123,2.8415180557018727
Tienda_251,955.1585073223717,39,290.3403957426587,7.452380894478273
Tienda_252,600.9878693756408,88,355.38661693613943,2.6051871799657977
Tienda_253,924.045714789647,98,364.89695289951715,6.309456070754336
Tienda_254,677.4095880517037,23,29.556569530322193,2.3410550157547805
Tienda_255,451.0069427271216,79,121.42899908131734,9.78855357342621
Tienda_256,537.3916003872188,23,25.054745677913587,1.171951146760768
Tienda_257,643.8794346279759,30,62.44251113487281,4.973821543589963
Tienda_258,594.5931293577064,22,414.50890359608246,9.119677244061789
Tienda_259,933.5632840358082,54,18.82332113475769,2.587524412957225
Tienda_260,926.8600920702455,42,290.8063362094721,6.979812068099244
Tienda_261,455.3880516311994,25,478.6949947673176,6.826727142590844
Tienda_262,966.9362755966406,45,399.41948131757766,9.375482186339998
Tienda_263,256.56010001241793,57,47.59556977232988,3.94129045605792
Tienda_264,213.6965674956736,28,483.8378873180558,2.7257319736988563
Tienda_265,221.5712422420582,23,359.25880409152353,2.5236889493016545
Tienda_266,555.095949109207,84,329.73523946761225,3.3490004291376705
Tienda_267,119.37232474677818,56,172.69881847105182,8.02466516752592
Tienda_268,953.1731900959129,37,477.2271983888615,6.284413797875949
Tienda_269,844.4039240536592,42,90.18681195579856,3.985734204672907
Tienda_270,113.51708266791015,35,319.75766972576525,2.010899402452908
Tienda_271,258.57663001754975,45,418.13608635722767,6.524720272919443
Tienda_272,398.8572169301533,55,185.93400766018456,0.571684106662872
Tienda_273,217.8971603298252,78,194.74515360151045,5.471308698892074
Tienda_274,828.5416229139239,73,456.04271214461454,3.2997935070404303
Tienda_275,410.26298741496413,85,156.94632740034007,6.007803146494427
Tienda_276,946.0967341000304,20,402.7622922867654,6.283391310149609
Tienda_277,623.812761952372,68,380.87536369474014,8.952829182121572
Tienda_278,890.9487859706596,69,318.0424489005244,8.981295929483315
Tienda_279,860.2610008529997,96,147.02372824027302,6.323145936269999
Tienda_280,914.8530868377843,25,440.280129697299,6.433454745813919
Tienda_281,513.8922392351262,59,129.06708173292859,8.76001192365072
Tienda_282,591.712134418336,28,251.70582273292365,8.075971492395835
Tienda_283,818.7432320368355,11,69.34086020192245,5.676213313160466
Tienda_284,357.14696656073284,29,103.5291550170038,7.718917958277618
Tienda_285,541.2281703579349,5,189.05128064073293,4.583404013415825
Tienda_286,639.1992768812905,53,272.4058330157606,2.922204145836292
Tienda_287,113.97994799575216,85,195.9673111185029,7.151587067718658
Tienda_288,634.1332673769734,33,113.7673355768757,3.924025933808364
Tienda_289,490.30871409051247,93,437.8285555872836,1.3429727574644512
Tienda_290,826.6244759963573,6,452.13234523987444,7.593320550337644
Tienda_291,383.72032278583566,78,410.4866506640305,6.960809920757875
Tienda_292,903.5998376726362,26,326.5094113140467,4.458639793759044
Tienda_293,620.071493756082,5,208.76586004379456,0.5699462732452987
Tienda_294,265.6091814647185,81,130.09272350209577,9.216414339657792
Tienda_295,809.1363104429538,37,344.3344432483102,6.7249843239453355
Tienda_296,650.8280593404405,45,356.39264347799417,2.1324706848765618
Tienda_297,148.51834486637767,86,43.65283569220282,4.958646396406763
Tienda_298,478.174312001019,88,244.86481295301368,0.03452716360180519
Tienda_299,711.1619529088866,35,286.9266965393752,8.71867708435714
Tienda_300,926.7416001797733,92,392.86314402914394,6.970626324618797
Tienda_301,100.36182240222169,58,474.86291248114554,0.7379256368298981
Tienda_302,979.0832341279537,38,126.92772458464093,6.915458309122582
Tienda_303,438.92228327119705,87,479.6589227634574,9.825337319846213
Tienda_304,976.4051845224903,27,193.79820757176878,1.417435324378128
Tienda_305,644.2444908766478,8,134.35613741614634,0.9432333885025734
Tienda_306,845.9612271826237,39,126.46781483430776,9.333951231701718
Tienda_307,617.2403542372921,54,232.1038378664403,6.881335769671926
Tienda_308,665.2685784766154,93,66.79707538843908,8.441472875556485
Tienda_309,357.0186535261245,75,221.70283610853681,8.602085317183114
Tienda_310,628.1500065904746,42,37.43192695856244,9.100552180871501
Tienda_311,775.0195873323939,38,284.9176729462705,9.802000082206659
Tienda_312,872.4824527861381,17,337.10564992298436,7.580924952529465
Tienda_313,779.5739696209122,42,67.31591354635766,5.740531232086218
Tienda_314,728.2515236025727,84,21.512822587923402,5.63231305501975
Tienda_315,878.0314870491399,70,269.98769907063803,3.6957603012526388
Tienda_316,390.4128971530718,11,194.79987036672182,3.5961574013981137
Tienda_317,703.7099117088285,84,148.89748449502957,9.223086456283172
Tienda_318,505.78654277201423,97,202.0312819950555,5.177622968985014
Tienda_319,443.8924768283655,8,202.85058730765584,5.209625476078115
Tienda_320,469.730214929967,37,269.1329698613073,4.911163947284162
Tienda_321,461.33162512258656,90,65.47447002244058,4.7256358095876685
Tienda_322,385.6455513624492,49,86.39124953952599,9.372145161871604
Tienda_323,659.7274311282713,34,82.8553653664362,3.220436639166111
Tienda_324,487.2225437391379,51,189.33957138386256,9.569162132980768
Tienda_325,976.421870134527,72,207.81299846265014,1.016469915021827
Tienda_326,710.0208022908799,71,63.76774134732348,9.07445279148847
Tienda_327,278.7128995843998,33,164.2532756664197,1.141124165488998
Tienda_328,484.0309084132295,62,165.37651174313635,0.16185827625599392
Tienda_329,409.0116157969807,89,11.756283465235375,5.566124735433744
Tienda_330,817.8749235627099,48,207.6457602861732,7.953220330759308
Tienda_331,891.9984597070886,99,217.47327449042754,2.9402848446007113
Tienda_332,913.4577602437347,98,417.7180869369587,1.4184344538512306
Tienda_333,696.447831137736,25,59.629299107874935,3.4506264451870514
Tienda_334,343.187435826782,57,48.05061713303756,9.804047400298375
Tienda_335,327.1300313541308,36,112.3333540243101,6.313283807838275
Tienda_336,869.4081484276621,30,421.22243263421626,2.568962488972776
Tienda_337,574.943181677872,68,280.20510911270617,8.321276618857462
Tienda_338,821.9449756041382,57,425.86757046581687,9.219501483202615
Tienda_339,615.2396654724457,64,428.4782347243647,3.6345224096151165
Tienda_340,759.82827275876,22,66.0052411079308,3.514651502028514
Tienda_341,567.1104647176503,27,192.8231558404739,6.630671313935606
Tienda_342,793.7955194516992,59,142.97273232628208,7.916303097863954
Tienda_343,611.9721916342439,18,250.0703631799242,2.999561511678074
Tienda_344,519.1388907327828,35,161.78573381456738,2.3881659041004353
Tienda_345,408.4200171579536,28,448.23484026166136,7.703069416952161
Tienda_346,161.38841357503372,55,268.1403789592367,1.326119471464825
Tienda_347,440.13176139528986,26,490.7579713945878,2.185456700635837
Tienda_348,171.6634699284271,76,404.5520169948375,4.6653732039769995
Tienda_349,984.5354023574005,8,424.89389139937134,4.918751283704617
Tienda_350,263.4515661976874,28,398.6016136834013,7.8156077462003495
Tienda_351,830.6728279484857,17,456.5517925672112,4.494236149629502
Tienda_352,887.4654804603083,82,294.4418259360769,1.7252286904737268
Tienda_353,719.571927147349,12,348.4620907423419,4.812911003614873
Tienda_354,612.5449714708382,57,337.8649412698386,1.516759554266618
Tienda_355,244.8742931340479,35,461.1873265028668,1.5230133947856639
Tienda_356,520.1920204869757,31,198.02987296189085,4.01415428472733
Tienda_357,410.6548460396935,13,104.90546149863808,1.9719538528384706
Tienda_358,302.53596203267614,89,47.786755676960134,5.537148748542232
Tienda_359,633.260681889217,86,380.6964301877818,2.146032668160396
Tienda_360,381.0428539317253,78,286.3920143696481,3.998344527794436
Tienda_361,924.6749981215156,44,482.862516938121,3.7853705920495786
Tienda_362,918.6719724564014,61,324.1636996658343,1.7276596995430993
Tienda_363,331.40646440397654,65,224.8485811867556,4.403647557447842
Tienda_364,199.80217066962626,30,290.68193490467485,5.94940018453689
Tienda_365,273.6664588172016,70,315.1957563489901,3.5630964914285244
Tienda_366,549.6257536109974,32,251.75787863155733,6.851356464205657
Tienda_367,755.7271011771367,23,499.2698498365118,8.975847690158789
Tienda_368,287.3749945679123,91,467.9343295967742,5.620375952947204
Tienda_369,323.2302025395077,6,259.42115281863107,5.984972609705274
Tienda_370,866.5046874427303,39,360.21195650993565,7.012210862699587
Tienda_371,474.2638464407746,7,142.06269175711202,9.282252666487974
Tienda_372,655.0165604397125,22,280.27115170476145,0.28990425060069547
Tienda_373,310.299525315325,90,322.0803583029202,5.3611771664603705
Tienda_374,191.7705334832177,16,274.47157268109333,0.06083161774998458
Tienda_375,564.2713152716768,98,290.69255958573285,2.065917238505638
Tienda_376,529.4268883448042,58,412.66744133621876,7.402330250367291
Tienda_377,237.40447968384692,64,455.35990688019575,9.397564003482998
Tienda_378,659.6256085663739,87,294.27580345707605,0.6444770264911848
Tienda_379,589.6091069325444,16,246.06703546619767,3.8737116380756698
Tienda_380,688.7236122736699,88,378.1154933341021,7.7328258624258694
Tienda_381,230.09098611219383,8,117.24965250942824,9.962189321766331
Tienda_382,776.3750354217194,88,172.0813586189139,4.4009855832111935
Tienda_383,299.84422581993044,5,165.7724774513222,7.420517850814448
Tienda_384,567.4166419294297,98,320.11526373962613,3.747841882595122
Tienda_385,806.766425399457,90,17.90784725192378,3.2950245608046713
Tienda_386,120.09738519262555,56,498.837845297577,1.649558077473734
Tienda_387,391.9262137535678,96,279.8928218704443,3.1798488890224563
Tienda_388,885.6301387601,37,94.41060774360946,3.248832477387553
Tienda_389,860.2386468418626,91,90.902171764687,3.7077498147350587
Tienda_390,584.5965333350894,89,121.9752520067615,9.24278130063154
Tienda_391,879.9474467498617,86,86.68295391957666,9.070550069428897
Tienda_392,954.8253922182639,10,438.7789586508117,4.5529571045958654
Tienda_393,843.7662978664072,16,264.0044916724234,2.6595814064299015
Tienda_394,868.7038994528848,74,167.9550894013334,7.266411455850631
Tienda_395,188.86906163831353,14,131.48480737260314,1.8576065425881305
Tienda_396,686.1738991068919,51,265.31869874729716,5.2211676213731035
Tienda_397,733.1652893373877,79,330.062185357402,3.031613853492673
Tienda_398,649.2167313819667,98,446.7333253481413,0.047862352354086646
Tienda_399,819.6537355624253,37,386.1998042925584,6.950148381426418
Tienda_400,131.11409788447082,43,190.7745502195211,2.324743751613516
Tienda_401,793.2148610994819,47,181.50323508945,1.779082993587161
Tienda_402,758.5557406655743,68,219.48912354419284,2.99877009723411
Tienda_403,333.72855396851776,28,17.985414292679405,8.438054954951362
Tienda_404,331.362368939932,45,118.20112929152344,4.547078690546017
Tienda_405,669.072985687115,68,260.61648603749745,4.0832979656497805
Tienda_406,410.7677154319734,68,396.27205291609556,1.2525562379472588
Tienda_407,816.9298102065587,36,100.66126918154187,2.4517025828047023
Tienda_408,501.53160880311157,23,277.4557831438493,3.572091891478016
Tienda_409,804.4744733057547,45,401.11557238376855,8.8116565549946
Tienda_410,991.4246052614566,10,169.789460670394,9.957141636093743
Tienda_411,370.22350558051005,97,96.56758122077585,0.5856680488742094
Tienda_412,228.70524543228944,84,276.5383896787584,1.305801594103566
Tienda_413,911.1775927143465,87,361.5995874543956,9.497574665697325
Tienda_414,587.4034409986359,79,133.5525316364933,4.400088566692527
Tienda_415,977.266333769574,45,355.6401507173995,8.185033763527857
Tienda_416,672.9439600017075,30,154.66625572237334,9.528993653025594
Tienda_417,994.5217221494311,73,162.75108967063335,7.367499476961444
Tienda_418,591.4637237286565,54,328.57975666828054,6.02225632284274
Tienda_419,573.7833405149692,87,213.38214181670435,8.214229384754294
Tienda_420,221.8851127649529,91,413.54511989724745,0.34719129354818135
Tienda_421,420.134653885493,51,176.4473347743112,8.454877115394622
Tienda_422,123.59671056673596,18,22.415969561647948,6.285321512313313
Tienda_423,244.3556615676842,26,294.88837453681674,2.829236689044369
Tienda_424,771.0734734367464,85,333.67061435472476,2.3759435426118127
Tienda_425,127.35972093590995,86,324.31283728422187,8.254505934271526
Tienda_426,429.8887875193699,99,12.272306206451034,0.42525753387174126
Tienda_427,876.1116275542397,54,303.51380318559285,9.835837012955292
Tienda_428,723.4099457566189,56,222.48486064465862,3.7608627939270836
Tienda_429,721.8479278595516,19,31.719866169946574,9.058107166823131
Tienda_430,269.7731208597798,35,350.690547916127,6.022115521155181
Tienda_431,497.713852673581,15,268.0715411693359,9.122062515746936
Tienda_432,623.4196666098621,90,183.17508873294582,1.6443559417110865
Tienda_433,990.7765368973347,9,322.83908669990217,6.6741006668632785
Tienda_434,283.5156027098096,12,414.59138880513643,5.762952691671006
Tienda_435,322.95961158611937,59,449.177191968733,1.7499084347566285
Tienda_436,335.9557753956208,64,326.12118509357975,0.46935176033034987
Tienda_437,775.1551719681935,89,469.98963194950414,4.7875288289804265
Tienda_438,511.2777946921235,46,412.491786040728,8.353926560576516
Tienda_439,151.2364945699855,40,85.44993501836784,1.0823246671125741
Tienda_440,557.6646165492157,61,64.83126131565822,1.8662163563057876
Tienda_441,290.76414817930834,18,270.3077176340871,9.855382009599321
Tienda_442,818.7438202841892,16,387.2202510724204,5.829599000220246
Tienda_443,367.598243356545,57,387.48222308210967,0.4992161695815811
Tienda_444,124.84541075905327,71,90.16704186408445,9.525840240088272
Tienda_445,634.0892045181589,26,422.1019340606519,0.5211424239199658
Tienda_446,859.4563860380699,86,317.6855195781155,7.402310866223631
Tienda_447,442.9145116559928,99,428.4676930481165,9.972411223470361
Tienda_448,774.872479653529,39,429.06025889654563,3.4161769687218744
Tienda_449,560.0273304674154,66,481.04010851764883,9.635975590507984
Tienda_450,586.8566244659698,96,85.54933532398253,3.215532519395281
Tienda_451,963.4908889555771,90,33.00737077927312,8.45794598678043
Tienda_452,823.5648023487821,65,264.98216932890796,3.1088141749354814
Tienda_453,129.09075996121658,97,350.3954013032753,5.10298661613774
Tienda_454,738.4485261081655,96,22.838027784245526,3.5787738680134717
Tienda_455,518.5013334071555,79,212.77839208715113,9.489607760722956
Tienda_456,952.7940472555898,13,41.28374918900777,1.161802342969872
Tienda_457,299.28946089113947,80,415.82666415926263,1.4675366532820466
Tienda_458,340.36481771592923,86,265.1364167853323,6.733526240000534
Tienda_459,173.3265683895358,32,467.82090410798446,2.740422339862987
Tienda_460,485.75694579740787,30,70.5850513970776,7.262543199297214
Tienda_461,198.11688761716147,91,341.626191140879,1.1122103322229626
Tienda_462,670.408084550726,41,133.53293773590843,8.95458560968348
Tienda_463,822.666913636364,19,231.03410039237883,7.192305531780634
Tienda_464,727.1204465081606,8,372.9840524039928,0.5720167562996903
Tienda_465,789.5902429681935,97,196.27390625118568,0.9378035077692815
Tienda_466,408.2087078591678,89,333.6661107759213,1.018965565815283
Tienda_467,861.2663347249099,77,299.90235513595536,5.35752625093434
Tienda_468,485.89189749949827,48,152.0599440732091,7.89400920822612
Tienda_469,841.6088833710869,13,311.03135068046794,1.9173763185509118
Tienda_470,663.8465427618644,60,266.9727168316547,3.317595173481042
Tienda_471,229.08074380322043,22,45.855449597673996,8.041512868937259
Tienda_472,170.54820986945316,65,444.4522814482662,7.42259533760831
Tienda_473,116.49937862170657,37,431.722541077809,4.018671891301567
Tienda_474,160.0524978754208,88,414.3739468489302,7.6495552290611455
Tienda_475,512.7254323375887,32,86.79390778515797,8.375886644987355
Tienda_476,202.00773049083142,57,492.2431665167553,3.342807647188728
Tienda_477,125.00501396380295,55,351.1883632692274,0.9851593173785
Tienda_478,779.3753332514207,85,284.7171820701661,1.8547878628212022
Tienda_479,455.3654324145755,96,99.63069143052275,2.666261093629876
Tienda_480,772.2446460467726,84,469.6617004822019,3.201508690777172
Tienda_481,507.1643440718064,31,363.618794705543,1.4886845389524783
Tienda_482,505.078072300685,42,112.72075640713102,0.436783197663575
Tienda_483,530.2652560460479,29,65.54284496464513,8.182309839051054
Tienda_484,526.6035339059747,61,185.64978221679596,7.604030338349302
Tienda_485,822.8470079027527,45,142.86258369320987,6.513597094054678
Tienda_486,462.15326787196227,57,454.99456237818083,0.7946274337751447
Tienda_487,914.2175443092607,43,253.99369316967181,2.6303841910378543
Tienda_488,133.3549431586323,24,485.30428537437007,7.63433879446085
Tienda_489,796.4869084483768,49,490.77318037963937,8.237305773321081
Tienda_490,213.07724302396494,25,166.72730401512902,2.4425726489185786
Tienda_491,656.6622102208769,68,27.107578611480758,0.40431494377024535
Tienda_492,109.32783520170875,26,11.688792715287345,8.667963845048794
Tienda_493,584.7645543187123,70,199.19129093412343,2.3693684706013807
Tienda_494,102.71616095763673,73,165.39384247093264,3.803642872419417
Tienda_495,956.0744069411841,97,176.5262204380091,5.908059821324983
Tienda_496,914.8618303325003,23,124.16568895234089,0.5689709792222519
Tienda_497,816.3702477480424,73,237.1206686197484,5.969956163299065
Tienda_498,923.7468879233087,21,369.2789218027297,7.661996492158657
Tienda_499,231.00240804255736,83,186.68167057178212,0.5203774055532051
Tienda_500,241.95706288347995,64,452.57879647410664,5.977673940170427
Tienda_501,268.8685056121906,61,304.4730753280322,7.491418830291017
Tienda_502,660.246312069929,49,63.90630937339879,0.20501196351477513
Tienda_503,915.2285464074716,40,93.4568970983407,4.225979892992121
Tienda_504,990.9596605231662,44,37.836680133881245,2.557447361690012
Tienda_505,740.0102128892344,66,100.12438830719208,3.444257898034201
Tienda_506,758.6203682280658,37,228.07425386312661,4.258436949133716
Tienda_507,918.363884089829,72,97.9411582888167,5.864394794488018
Tienda_508,460.7863591340088,58,398.22673734087215,9.068904925393708
Tienda_509,324.86561220253304,67,72.93023366877887,7.030929101080364
Tienda_510,256.0871537084106,80,215.30136640834456,8.167188080860392
Tienda_511,207.51134530035608,13,339.39843548800917,8.768488557200648
Tienda_512,831.3495292295459,39,399.63678823208716,7.022580015624992
Tienda_513,232.11313607551884,38,462.0503087549846,6.584565056001914
Tienda_514,337.8677344542106,97,320.51381993282735,3.547065669975221
Tienda_515,837.1802607701777,30,396.6243857774621,3.011615633479109
Tienda_516,379.528526614789,72,161.02393189040325,1.695195215633447
Tienda_517,984.1757043636486,6,57.77038088206296,8.567923172664557
Tienda_518,339.9748319364717,13,441.2404307825969,7.754745928753581
Tienda_519,580.2880104740902,94,455.20031351045776,0.7378833711741339
Tienda_520,383.0203100672647,32,299.76517920371055,4.826116603358957
Tienda_521,919.6955480564537,34,434.6232208933721,9.084346342540586
Tienda_522,429.900979466111,94,331.8600854810147,7.210657244331614
Tienda_523,490.2330945458481,82,442.30903746070015,1.8311482632228049
Tienda_524,561.0634230505252,15,127.36059416462167,3.734306370450169
Tienda_525,944.997829632742,66,465.3646170308477,7.768821765989661
Tienda_526,127.85410564403564,21,290.63811907402226,1.197596416704605
Tienda_527,745.1907972685202,84,68.64697916213467,1.7813763657934845
Tienda_528,901.917058863105,79,314.4019769226879,2.9932692481820444
Tienda_529,124.55850116572194,81,177.3922629623567,7.140878713497817
Tienda_530,569.8461225272597,5,445.67524988987316,7.172422091721132
Tienda_531,393.39083059302277,35,463.5181438283231,8.872095209104748
Tienda_532,873.5403887790272,8,464.71748332332476,0.970455089120198
Tienda_533,602.664895830266,86,116.75006086125924,5.3642573279752135
Tienda_534,721.2050813464731,69,344.65527972770906,1.1181357284597637
Tienda_535,507.5681499563837,43,364.1765911492442,7.26599529405175
Tienda_536,665.4781337692215,72,159.71409185211627,6.965242533103062
Tienda_537,361.08716651868326,35,204.4113584738435,2.5338323035506294
Tienda_538,108.4137201698642,26,138.51736692482592,5.2345439943959455
Tienda_539,619.0803414883817,31,230.22728458308217,8.275392035338774
Tienda_540,380.29979271921655,15,274.7358407718266,7.425529309783439
Tienda_541,565.5408386510169,74,51.61082802139924,4.017484477446793
Tienda_542,924.765267748508,38,37.62423558461116,8.959015621262306
Tienda_543,483.82730965125637,41,249.97065472050375,2.6609951956980415
Tienda_544,322.65643294214686,14,269.2710418067417,4.311837849821906
Tienda_545,434.164385151149,5,122.76779591654373,3.2735897827509963
Tienda_546,938.6750049728865,60,184.7122731336615,6.662293587810277
Tienda_547,943.1815431781843,74,332.81199628966044,9.992111462517016
Tienda_548,859.8969537091418,15,28.44308227208162,9.033720077917927
Tienda_549,928.1858628750945,8,324.0844022212551,2.288202521479458
Tienda_550,305.11026095618524,44,486.7631195873292,9.310261330190112
Tienda_551,178.7339885982318,82,172.30224431147164,9.596685617658256
Tienda_552,304.57876265621985,42,197.27643820676343,5.7699123215489845
Tienda_553,382.9389545026454,21,491.76262004563614,7.71150752311018
Tienda_554,257.2892887206804,30,23.69843889254022,9.562712790692986
Tienda_555,646.3847457752145,51,338.33300124336813,2.1322430622150756
Tienda_556,472.2277735010452,12,316.89248398852556,3.0629183976981658
Tienda_557,834.7163606444927,48,32.722966307337124,7.906167965812782
Tienda_558,266.6173584421276,5,317.58755975286635,7.180303377977263
Tienda_559,731.6888767806794,61,331.16008181217353,0.4919446016477802
Tienda_560,316.320062364225,19,135.43925128055054,4.322634220556944
Tienda_561,616.7971799567738,60,330.3852052413983,8.692294136053103
Tienda_562,414.08883749871,60,184.2329767774096,8.297593915859707
Tienda_563,151.26795953454945,57,473.05005592548565,9.288086432139943
Tienda_564,305.9323038643383,83,145.10699968172105,8.34047645798504
Tienda_565,697.6922998193141,58,451.97653089295807,8.88678849528877
Tienda_566,547.5250840244781,65,295.8625320744925,8.534212462737212
Tienda_567,567.1143856663109,5,351.352215204209,1.879780852359404
Tienda_568,257.2481350980303,19,499.3794829404142,5.306511781973154
Tienda_569,613.6442663916307,65,485.03863128829465,4.157370505750903
Tienda_570,997.0780826873889,71,49.03676611275383,6.330208227300168
Tienda_571,835.1515979124597,44,142.36903401913537,4.466873619814869
Tienda_572,634.93536144788,76,17.730502506984323,3.5319775549265033
Tienda_573,978.3901614978145,12,403.34798612160176,4.7008392099113285
Tienda_574,911.4063262023891,21,466.82784877295165,8.23056320969903
Tienda_575,636.0471402423809,71,274.23736305365316,5.6264417991775275
Tienda_576,129.1836927830114,66,345.7029781623069,9.078385437251878
Tienda_577,184.21938623573266,74,102.416216510503,1.6710505082250904
Tienda_578,158.83454353800374,55,474.5708230590763,7.658173808577427
Tienda_579,506.5598338223278,63,494.7348635295641,2.629479371165444
Tienda_580,437.891349851072,84,128.11889200371866,3.869732962469042
Tienda_581,977.8150308432579,19,467.50245689861015,1.782237088159384
Tienda_582,251.18496387965342,82,496.0017345419881,8.679272360790405
Tienda_583,975.5088327393896,17,48.163656338367524,8.448719922990705
Tienda_584,790.7273819767117,16,266.19103009821,1.4551430803874632
Tienda_585,841.8140556620481,84,496.3648021558241,4.308870435615812
Tienda_586,669.3542351001976,39,408.59006672480166,8.477566478143457
Tienda_587,701.8594931860589,11,271.300258621583,1.5201463965944184
Tienda_588,529.1941001690741,74,223.7828856641773,4.84181103946872
Tienda_589,111.82272123076503,90,64.34803595613232,4.64216742608552
Tienda_590,417.70547698764227,49,461.8334483442255,4.521719878748767
Tienda_591,542.8646213442025,75,265.0274779738483,9.05451550899967
Tienda_592,757.0820899810939,77,108.25908986682414,8.431961347481389
Tienda_593,521.7655084714983,17,140.87459554167037,1.682908741234762
Tienda_594,511.6644244804885,51,134.94192793623571,5.1976482193747255
Tienda_595,223.89646685104285,87,469.3457748034396,6.808479701362459
Tienda_596,109.7998604231311,12,127.69009839554039,9.23809477872215
Tienda_597,782.4504344292966,34,123.13337937912867,8.952653490717836
Tienda_598,387.95755426991053,65,481.1120143878579,4.059860555753777
Tienda_599,985.9451051741596,87,148.3812103054728,2.929016412421662
Tienda_600,298.2108035432404,78,120.68766675608106,5.578704348607624
Tienda_601,404.8372229335117,51,440.6073478822533,3.3399033237865847
Tienda_602,571.5065220995185,91,207.15682481139856,7.558261482422887
Tienda_603,779.4023113544795,89,109.56487474601248,6.5074096751464925
Tienda_604,517.4720055102661,52,209.15511464714945,1.9210275574650715
Tienda_605,212.34028880050866,93,65.33913347132152,3.070605717389866
Tienda_606,381.25124064284455,78,338.2781131819446,5.264163614557988
Tienda_607,554.0672527308952,81,376.06857667234317,8.088765992773197
Tienda_608,706.4641072151809,92,70.80074037633403,0.6458672077143934
Tienda_609,793.134960680883,50,98.92368238713986,0.563291969016213
Tienda_610,217.30220285891886,41,480.1085744789457,0.5272599737401862
Tienda_611,120.62361819014359,92,153.84780900506985,3.446372622150694
Tienda_612,567.1740899907904,44,188.97025492275534,2.2514616870331983
Tienda_613,828.9898395961746,42,72.20230465308767,2.2704545375719354
Tienda_614,111.34339032688868,11,318.10570524647295,4.3844993833161965
Tienda_615,705.2228601883605,48,67.79400529969709,7.0285741401914725
Tienda_616,718.1274039912927,63,22.189632129928036,4.444558266511712
Tienda_617,504.3220782279738,6,220.91602589969108,0.75237072703214
Tienda_618,923.3098180677408,88,54.694898256778416,1.011278274566988
Tienda_619,679.9249762812937,34,306.04016736221644,3.853308938943899
Tienda_620,104.71585388631927,53,274.809756079606,4.846715493795419
Tienda_621,535.985600962938,60,363.3432179159051,5.920761508213341
Tienda_622,873.38602548784,50,484.2750005433081,7.217617907283027
Tienda_623,847.3596130336055,13,480.15248617020904,1.187044265712941
Tienda_624,684.2387774012301,39,19.612514465618176,1.3953246767673266
Tienda_625,706.3285815087685,34,293.5963754405918,4.213264176064184
Tienda_626,620.6496218102805,5,485.19442625853196,7.505458400666576
Tienda_627,346.7077976501669,84,279.5446088557929,4.917266526627683
Tienda_628,604.4769914824528,24,233.10089588938868,8.52387971311145
Tienda_629,704.5568063356783,9,170.6820184020772,0.24034993913719105
Tienda_630,417.18666719476795,76,341.4298337396888,0.9036959421828927
Tienda_631,870.245530528535,6,455.1545060607552,1.409704684062285
Tienda_632,275.53373740783655,13,184.99927628310843,9.668481736586841
Tienda_633,772.5887292987309,31,494.96388061017456,5.6096656594565495
Tienda_634,360.6424715681897,45,153.82850403912482,3.51344858502711
Tienda_635,796.4193585197638,94,127.106315017235,7.807797650153309
Tienda_636,484.9635964024686,37,209.72140230094382,4.907429946357543
Tienda_637,826.9285682009885,75,107.57169752079456,7.274486791474803
Tienda_638,418.18137640119136,12,425.5263080428882,5.230989200083952
Tienda_639,292.323913866623,43,206.29517442494785,7.419057316225409
Tienda_640,790.5560575795898,86,290.80270748108364,5.141247885402134
Tienda_641,377.777752867586,34,486.7016123172171,4.395483135363137
Tienda_642,759.9205609537847,8,98.97806047354351,3.289191597585165
Tienda_643,770.0258377699589,79,364.79118906145624,0.8681625145602057
Tienda_644,299.25703081738095,55,361.86641948512363,9.571472541135858
Tienda_645,292.70092313858356,96,224.13436414988084,2.189225477967601
Tienda_646,279.05313108436,21,85.40285303982523,2.6837828559866916
Tienda_647,228.2665039892602,54,121.42310144417247,9.999224171246276
Tienda_648,439.37433928660073,47,170.06534937643661,6.716623012971915
Tienda_649,123.96509622245932,75,483.1443043236076,8.815411819835708
Tienda_650,199.82833213081656,13,476.03109378087123,1.0955722135093138
Tienda_651,707.1076213870695,36,19.969802329143917,0.1823224039251714
Tienda_652,819.7988832076476,30,348.6207086638902,2.6083789671711144
Tienda_653,172.4765744155473,39,293.17376492625476,7.782811074519076
Tienda_654,308.5320794372128,59,189.7361686805631,2.833495789455769
Tienda_655,286.86309562343297,75,274.75078495351823,5.186898103124178
Tienda_656,925.6002067734676,10,481.33323366087575,9.085512483093895
Tienda_657,740.183066322838,68,326.24968867511495,7.690705590782832
Tienda_658,598.4961499462729,99,181.83127095281506,8.926416103941508
Tienda_659,374.0661891285582,29,310.4216367341005,1.7086268442476238
Tienda_660,851.3686428686186,51,409.5023881501762,6.086533324370704
Tienda_661,491.77536186656795,25,48.6603475685666,3.369780379983056
Tienda_662,931.1105936068976,27,317.9483141153493,3.234024241946573
Tienda_663,735.4466239023399,5,326.281637650497,0.01120115972482294
Tienda_664,530.2281771687551,74,132.209187917191,0.6633917529993139
Tienda_665,213.58909337442282,27,81.93742602361161,3.693081000647026
Tienda_666,978.4391954209729,32,427.3006777894909,7.069887335141143
Tienda_667,243.850285309684,30,335.88694427122806,1.770034449760175
Tienda_668,282.34191269769633,69,46.70875942011083,8.875802066535343
Tienda_669,488.06357964433386,50,176.23857773328982,8.512662252401604
Tienda_670,463.78171519763254,43,427.94455862798145,5.005919864172261
Tienda_671,232.0763326878647,62,182.38400147114635,7.9862873248208075
Tienda_672,756.3870274250111,57,115.90408210782464,3.7587540433151223
Tienda_673,269.87056018946737,57,193.3626754865538,6.946304606484315
Tienda_674,679.5060798804965,37,125.3510660110169,9.180409910585196
Tienda_675,778.8753555186688,74,261.7810025895248,2.3121305911519996
Tienda_676,289.65915287498865,84,280.84599059622286,3.0564318860130335
Tienda_677,640.8588232968759,10,419.70853191476965,5.305761661120615
Tienda_678,774.0355377212528,38,146.7044202949536,7.705401305829282
Tienda_679,674.3968395583,69,221.15749396962858,3.4062619356229753
Tienda_680,637.4145726519841,58,486.47961330609286,2.6028754572230826
Tienda_681,365.9340570899474,58,257.5119388006857,4.599917062692009
Tienda_682,758.4458241173579,58,375.3753312852788,9.934155441471484
Tienda_683,950.7775959999548,17,36.39442854731385,5.768659411847783
Tienda_684,483.0052512353922,85,64.71193223407042,5.954022694099078
Tienda_685,803.9636351482648,38,405.5405289576759,4.18280180993685
Tienda_686,150.52693569572378,56,397.6765647096421,2.937160029840893
Tienda_687,851.7444422409693,60,227.84472650481328,1.6764219248351209
Tienda_688,273.025015139933,85,478.79811120987586,4.347426163125902
Tienda_689,455.5871820009759,59,466.7359559774574,1.7654666419337073
Tienda_690,370.0729413328208,17,223.3618416979435,8.78578620983761
Tienda_691,172.09327942544434,90,56.1680548780129,9.482975386973875
Tienda_692,914.1679026426186,15,451.7080590065701,3.767574840133853
Tienda_693,433.13875979836445,86,162.96972850253655,1.7157629607973957
Tienda_694,577.6276946285255,83,111.449630170221,5.520810195968476
Tienda_695,544.7046393066926,76,153.9694051923334,7.404445509925212
Tienda_696,218.94502774864435,89,342.3822845370655,2.8149310551842954
Tienda_697,285.8086530004897,34,381.6097704034327,5.809659624528973
Tienda_698,168.56992812908905,17,200.76267370362356,0.26239660756958716
Tienda_699,557.1295299507588,68,112.4747143541942,3.640717611869584
Tienda_700,335.3945966496884,12,220.42574696018298,4.626611010273512
Tienda_701,421.35544799451276,75,188.09994214564904,6.086423861650097
Tienda_702,197.25879582751315,87,466.7591136434385,0.5686554028229296
Tienda_703,808.7966556872565,68,169.96725357161722,3.0267995076498764
Tienda_704,195.925489109921,69,128.9285628533869,8.250093317685105
Tienda_705,987.137941341869,49,324.2382221969322,8.297142707203438
Tienda_706,259.4450479945756,74,162.00988372453241,1.5950005554673419
Tienda_707,615.1646011911844,80,141.19109424449022,9.451553147925004
Tienda_708,140.3608011301793,93,342.69226392071613,7.224527875122833
Tienda_709,808.4046606902507,39,364.75242871786486,5.560242988278034
Tienda_710,270.6453530364669,19,11.246186141707422,8.180688603689472
Tienda_711,575.113580567314,64,209.76006866403839,0.4172786587592481
Tienda_712,766.0697888431645,93,144.14623209318358,3.351783671337003
Tienda_713,234.93833642553034,38,246.42009021522784,7.53620605882238
Tienda_714,595.9784567682746,29,29.569399807667544,9.215858271173591
Tienda_715,294.9554874959015,8,243.63369777169996,5.211629213432207
Tienda_716,783.2764443854302,46,370.34109375171164,0.06808946782293268
Tienda_717,750.6236742005923,35,296.71854161175094,7.2177185391513206
Tienda_718,258.89413084937473,27,36.09114291843783,9.229655422056664
Tienda_719,875.7699019003661,58,53.801522424135044,8.393403539882184
Tienda_720,117.79758956470984,96,356.5724664569697,2.7551678314588814
Tienda_721,874.2132976808036,96,420.88924993800475,0.10569352407332366
Tienda_722,603.0134300448445,87,35.58881990418365,4.2537107973718316
Tienda_723,462.89842489526427,41,215.07010669916076,6.7697109482936755
Tienda_724,782.872237920103,11,79.12542668694014,4.640673127384435
Tienda_725,745.2361015232228,43,241.3325687670658,8.35859412851589
Tienda_726,988.5935573275839,36,172.82681648148943,9.790679555515794
Tienda_727,350.27654375168447,67,411.1966877749233,8.681763424591676
Tienda_728,103.41430516840833,52,404.96560655359093,3.281636996063908
Tienda_729,940.512347483399,67,293.78916038372597,5.108421142360711
Tienda_730,872.1073940841044,39,373.67162785561106,3.6432696414476418
Tienda_731,755.9657897673303,76,447.4236963362475,3.9542678435964973
Tienda_732,565.0199046293847,47,419.82095151419173,7.7704050433003955
Tienda_733,736.2606207238849,25,267.9798287123712,5.456893752579242
Tienda_734,802.4766011890684,95,264.13765807551283,3.1446406317024334
Tienda_735,437.38834918317343,55,360.35834842509615,9.041862548300294
Tienda_736,793.2902727969619,27,222.40402102772353,4.04771984392008
Tienda_737,775.5618872576579,7,268.71047709656216,8.088625409924688
Tienda_738,651.8900903898337,68,233.62768192896442,5.8105330285115455
Tienda_739,461.67933157105364,5,430.7781730225359,9.955119585902747
Tienda_740,727.5772173379069,97,422.4711291582098,4.419917231992035
Tienda_741,102.8015720426729,10,214.98301199215365,5.0421239161188725
Tienda_742,797.406982052138,77,214.58886317458632,1.748364490543507
Tienda_743,906.7749422111623,57,11.209562798736501,5.231206536271747
Tienda_744,315.38413669375416,14,19.93118505399942,6.019399092310645
Tienda_745,208.69046587830675,99,95.49655251743934,6.817911745283082
Tienda_746,298.2555890143548,16,396.0209184034655,4.245864452603589
Tienda_747,371.8870581610885,45,34.7093591382216,2.823561080842042
Tienda_748,894.7256577074508,96,472.54208375721856,1.3806783766765085
Tienda_749,588.849787214285,81,271.4843209893068,9.494953645427476
Tienda_750,358.0404846457875,92,75.44135222041224,3.2201449005790206
Tienda_751,224.51922081365188,66,42.85370500398603,0.23859929727662932
Tienda_752,361.1300167940875,7,209.91470041809697,1.3213760700017307
Tienda_753,652.4839807671274,27,481.7152944294395,1.4132824917571385
Tienda_754,391.72467690770196,87,146.33622800179657,2.5244972255801414
Tienda_755,511.6241635218986,98,352.9825745826696,4.548402067776889
Tienda_756,499.705396314953,52,319.9061713786223,9.550026264378205
Tienda_757,845.3218246583608,34,447.11014981818136,4.977510298041494
Tienda_758,483.71333881260756,85,44.43415929132885,0.7110096994188198
Tienda_759,411.1289390579521,6,283.8362429305956,2.3986597035419632
Tienda_760,707.4744443281947,80,340.8574047458966,4.592670865321971
Tienda_761,299.33385016017587,6,485.83791583527125,7.959875679067046
Tienda_762,520.5212415338984,57,346.8802008618965,2.8229967834883474
Tienda_763,383.2891185916148,97,36.300673667021805,4.027593300099305
Tienda_764,664.1700419465512,69,498.6997817702538,1.5087423944616596
Tienda_765,889.6244272253314,80,445.1406810058384,2.7059220252063843
Tienda_766,502.9201001310657,83,189.95368979580851,7.196779749722593
Tienda_767,806.0116769127308,67,217.9626923356453,1.3090839168036872
Tienda_768,511.26913050539537,81,104.91959934675644,4.919482602371348
Tienda_769,690.6063985454182,53,116.98440562891179,8.491638945437291
Tienda_770,218.6568775247519,41,273.64900467005236,7.495655089688718
Tienda_771,489.68335627088334,54,286.8334205176543,8.204988704082298
Tienda_772,918.380789789443,19,290.9833321261108,4.325360853326719
Tienda_773,644.9311009278412,78,276.381028770672,9.852513955123735
Tienda_774,790.0971285133919,26,337.26421728901715,3.7724786193909097
Tienda_775,554.230547286305,37,196.98897798271503,8.633992740262308
Tienda_776,548.2500623452067,76,488.69792650034685,4.14448138781628
Tienda_777,858.6098561735649,5,132.37883511764167,9.077383522676971
Tienda_778,161.0262409068584,51,407.48581374401647,8.810953895285536
Tienda_779,615.9450443947162,29,171.9473550746091,2.6705735920192564
Tienda_780,948.4863178896544,85,115.15316746870165,7.905525008261039
Tienda_781,566.0740433550898,42,485.8949380255438,9.76420885442992
Tienda_782,275.01922857509607,21,133.5925092005283,8.883318349496736
Tienda_783,863.1454531991285,57,487.95212504950024,3.0366662522353516
Tienda_784,326.47522812026756,73,244.93963402167248,8.413679998259218
Tienda_785,730.6534328342841,97,23.055002390914346,2.843247915638277
Tienda_786,586.2348463572099,95,217.4206682642118,4.845652729774617
Tienda_787,953.9526594521976,12,373.32374621159283,0.7150768396769314
Tienda_788,661.9030321624083,65,96.17220554430415,1.312395674101
Tienda_789,854.1801658429564,14,177.55997333857798,8.54030184628676
Tienda_790,107.13958857507079,39,423.4569125983669,7.396800280971433
Tienda_791,990.4060505499742,68,336.167302617172,4.253276298594057
Tienda_792,169.94311329914785,71,263.68036107944926,8.163314389485024
Tienda_793,389.9165622532926,73,307.48080670420865,4.466344748611405
Tienda_794,951.5371559110888,18,390.1665027257553,5.169770491172127
Tienda_795,108.04519213412055,71,478.7004068619691,0.29408969682561126
Tienda_796,840.4570048797419,96,453.98406142912313,7.37264261138428
Tienda_797,875.090474530115,5,89.5123462246058,7.958168452973333
Tienda_798,495.84773278771524,39,487.32249075104653,8.268774287504854
Tienda_799,330.17067442533806,75,426.96262338362914,2.5866180524207216
Tienda_800,822.4205676699687,21,336.72726082687166,8.832078163908276
Tienda_801,530.075803988999,42,349.8790418794251,4.951745601556605
Tienda_802,220.90474779012652,22,498.33848331556584,6.698755651792013
Tienda_803,935.0640935425097,43,100.94718337710253,7.28228126333766
Tienda_804,906.3729703059836,87,39.53738733411144,1.6336206144817667
Tienda_805,542.3906350152417,19,322.38147686522245,0.22300837816983443
Tienda_806,871.032246866013,42,474.11044579936294,6.439374734073816
Tienda_807,476.72022318768876,67,442.6601213668288,2.506051552479428
Tienda_808,715.118410149671,5,134.5085676895884,6.9968835571700785
Tienda_809,458.19157546713024,38,476.79785506853244,9.193223962181438
Tienda_810,555.1678157057294,54,19.25179863170262,7.805051973927601
Tienda_811,270.59653255053456,82,408.710358649251,3.9814527553451597
Tienda_812,968.4900316998225,36,98.67229662911083,2.3055655272865936
Tienda_813,364.79411941982926,62,59.39924991587764,4.820796457114903
Tienda_814,193.11360050476122,63,99.43471232174396,2.0309288499966103
Tienda_815,229.88386020614328,78,306.30585135399,0.17638565770267567
Tienda_816,112.68306477319867,81,430.18788307984136,2.715097456752882
Tienda_817,744.3511295161551,33,94.66022578527749,9.866573271579005
Tienda_818,608.0484882167866,81,417.00456186220475,2.2254874541382352
Tienda_819,815.120516066277,58,173.48076490412515,7.904738785021749
Tienda_820,556.3719309557227,63,308.0393064022145,8.97521005935208
Tienda_821,812.6389355537384,36,431.820803905657,1.2032328391308234
Tienda_822,726.1877928446555,99,122.47490725900064,5.142251232204236
Tienda_823,800.0636291732578,18,409.1840763629826,3.208987880198654
Tienda_824,465.8345820793777,43,359.247773595489,0.6132296141156834
Tienda_825,682.9935698687331,96,192.63188118960645,6.7251015890826125
Tienda_826,261.81486792367696,92,461.1822246777477,8.330463746293207
Tienda_827,389.63796704911357,64,370.66052704519706,6.265146170830258
Tienda_828,255.34415810781326,51,168.8873319857303,0.522968724731242
Tienda_829,467.77350251193616,67,34.00107713525263,0.3205254903442756
Tienda_830,317.27687316903894,91,266.5764684264103,3.76062104391373
Tienda_831,466.22979471642213,66,425.1972777127927,2.485238469578576
Tienda_832,977.7001081935808,44,447.6319625143777,5.633443567595138
Tienda_833,388.28739323982813,76,289.01784423192345,8.12139739614505
Tienda_834,984.2418504774058,7,332.04093579473397,3.3901142841088374
Tienda_835,672.6755132703852,64,330.8802378634011,4.247464835878142
Tienda_836,437.5819165545199,30,94.49848082342287,4.536511781681555
Tienda_837,871.7360491752369,62,451.97261016038004,3.1407687904352963
Tienda_838,657.6280654317164,37,438.62397135625105,1.9715809469378986
Tienda_839,326.8297721177554,35,369.36896411212064,5.820898710171849
Tienda_840,813.5701101791989,57,363.83434003454056,9.490308798795716
Tienda_841,489.64465786074675,96,145.75059259661398,0.5413034092374125
Tienda_842,421.76005059739725,46,209.75379950539428,0.13339048727154634
Tienda_843,397.24924287257284,83,108.41584449078964,7.347398993983971
Tienda_844,727.6319880518255,62,394.42667709716017,2.875358781749261
Tienda_845,341.7851115156039,50,457.54935704416806,3.8760117294639373
Tienda_846,827.4502123348421,90,399.5331707050824,9.186850636910009
Tienda_847,365.759914959863,30,99.22870918863318,4.895523794876354
Tienda_848,589.7092452268215,78,101.54086333061292,3.947880903709482
Tienda_849,539.1293426246821,79,317.98719669132595,3.931073383504642
Tienda_850,869.8207713358328,11,16.679078795172146,1.6608815920572118
Tienda_851,899.5477909558473,7,55.694498134804704,3.9004360471497868
Tienda_852,265.94599813099006,35,313.99015319490104,1.1686993949787727
Tienda_853,626.8136130444259,82,219.6295141910541,5.075625784571943
Tienda_854,908.3845414154234,83,99.48652395042124,5.3948400438224
Tienda_855,501.5054971309867,96,322.00449672291046,5.408600387253333
Tienda_856,929.6814749354338,47,151.86499194145853,8.439360949291705
Tienda_857,351.0918014112738,23,432.7432054864171,6.209396186467541
Tienda_858,647.9480567744162,88,307.24869799156016,8.65561915679656
Tienda_859,714.2083387901339,94,236.05035154017602,1.717011851485265
Tienda_860,305.3851600154357,93,290.97357308087715,3.201428765281146
Tienda_861,112.39076130194512,61,405.93992890990796,1.9943624069187527
Tienda_862,475.05156613362647,47,479.0618492175109,5.714744548247532
Tienda_863,944.6337026710606,9,137.21961028254788,8.414363997745214
Tienda_864,408.7252988473659,16,206.65903334234818,1.2603185731484112
Tienda_865,801.7698659343399,29,443.71883789893246,6.5179275599347255
Tienda_866,257.2626815446667,27,141.64725012125905,5.91894722593508
Tienda_867,407.75755267220717,11,339.65390188072615,9.939173815852488
Tienda_868,230.13794875428707,9,195.02103106724257,0.01040909970208781
Tienda_869,745.0937327317384,84,74.82215214115244,9.095974386878217
Tienda_870,729.3768613271328,33,48.08687244563229,4.3648241344385355
Tienda_871,719.647586154027,58,354.86321934972585,9.687606515155482
Tienda_872,328.05643103766965,35,256.0806721430142,2.4985849266111817
Tienda_873,723.124109461068,26,420.4490782872534,9.996966473124058
Tienda_874,304.5677868243546,32,329.9322538724691,1.4771551290164697
Tienda_875,482.18420433820575,10,31.15031464819062,8.00145993107908
Tienda_876,434.7299095009185,40,87.01221766199109,1.4826562256206965
Tienda_877,419.77712045811,77,462.54502963269744,8.170854541323912
Tienda_878,151.88932651713074,87,321.2800311099769,4.707607379076383
Tienda_879,668.4819641793457,53,294.8309355936948,8.58805215942265
Tienda_880,736.5849424135296,56,112.60931838565266,6.576827379368436
Tienda_881,652.2298250525521,99,23.08150472532401,4.872316875167741
Tienda_882,683.4814805468121,29,469.0556883331257,6.737098177606238
Tienda_883,252.94664279553197,81,234.8943020425323,1.55601887118759
Tienda_884,234.50211904497624,45,455.2346562434173,7.626674792530639
Tienda_885,562.7575391732946,90,11.655046696914424,0.6429768556209692
Tienda_886,887.7994537190851,33,297.9198456240837,1.695612371116898
Tienda_887,265.5580973924998,45,373.3614388919451,8.029807291816102
Tienda_888,516.5552068374338,52,211.43380623270093,1.2754285436568435
Tienda_889,486.03910062691267,28,245.4423862508378,6.245099616003051
Tienda_890,547.5602673275647,33,367.33070988598,8.136942121782422
Tienda_891,245.35969343741073,89,63.134149220814315,9.905291856388436
Tienda_892,408.19657702132946,94,367.88835827718424,3.3566010603530785
Tienda_893,335.6923636931682,42,235.2115237173161,5.034349256008089
Tienda_894,860.0742489065311,10,440.7856414472462,5.257977354794146
Tienda_895,820.2990211987616,28,340.3641027978951,5.825094484441765
Tienda_896,483.9752424413292,73,38.2207636261475,1.861056423808195
Tienda_897,646.313914710135,25,86.50102851162681,8.390102613705587
Tienda_898,230.91904923959797,18,314.42060725366866,9.105233332546907
Tienda_899,558.6519647958028,61,290.64416330526905,3.271746430243725
Tienda_900,367.2523772082141,34,98.59748778990837,4.517245887340734
Tienda_901,873.685858212281,33,66.42502641223615,1.7121387788591702
Tienda_902,704.4385428157509,96,433.6197529349699,4.775851388872234
Tienda_903,670.1266113601789,59,147.68221495559317,7.236635737587753
Tienda_904,212.27617006226131,33,479.8215700130363,0.5358604089428576
Tienda_905,523.5290915489971,68,406.9828303224485,5.782769623643916
Tienda_906,987.9155016281934,86,27.688960274500555,0.37250365029927957
Tienda_907,953.4692566653986,65,206.23822107454262,3.108217699358462
Tienda_908,680.5770762343992,74,11.524504834612355,0.22277579296550942
Tienda_909,236.55238392877627,88,98.05265950692947,2.249708912103184
Tienda_910,675.2141638479145,77,236.43697895178988,8.329441840266309
Tienda_911,609.0959012895348,84,72.5823471353751,7.905177239558511
Tienda_912,521.7992538951269,53,19.941174400551194,2.626868644161343
Tienda_913,485.23372252144316,57,32.1318424136615,3.4051273439208773
Tienda_914,639.342780092227,97,451.8329248036733,6.398801856306191
Tienda_915,864.9728996643689,97,392.28427698174477,6.218395373819775
Tienda_916,776.0089363347437,62,489.79631972395555,1.8100605976414696
Tienda_917,621.4244862675098,99,373.45964635611955,0.49482321856696765
Tienda_918,932.2337633824253,44,213.63311150710388,4.274427613468195
Tienda_919,158.26598509739398,95,372.27535951958663,3.834783851525737
Tienda_920,992.2118578586282,83,195.32430360677012,2.4056049972620386
Tienda_921,147.69508840119056,66,256.8411079849442,7.36315814979517
Tienda_922,279.5459915247052,62,31.755207103412257,8.396479062338534
Tienda_923,480.47739548010486,10,161.54997439931284,5.540913388682643
Tienda_924,196.7579885666509,81,489.29022385321025,0.9822150533998664
Tienda_925,661.3033698979316,30,114.94858855021499,0.3706662355599366
Tienda_926,143.19330764398057,84,17.624048662607393,0.4752488296110635
Tienda_927,356.16149290624793,98,304.01382094583573,1.4128107140941848
Tienda_928,154.93301300770398,42,133.33995201248467,3.6384874492244554
Tienda_929,733.167397994573,49,372.6565520442738,7.488079125620507
Tienda_930,701.6105508305338,65,130.04994652420243,4.27323139673076
Tienda_931,440.722533925542,20,218.74198953201045,9.292528046042523
Tienda_932,269.3748340268391,97,234.89986072762264,4.823248408349976
Tienda_933,772.3043461269506,46,422.8843472383151,4.953485510776688
Tienda_934,406.34136168892053,68,454.22899661318127,6.930104443280475
Tienda_935,815.7710506650785,12,322.1275530632439,6.190128578334198
Tienda_936,539.1108452616583,7,78.51961622075596,6.765299114041964
Tienda_937,573.1024999158815,51,278.87527408855897,5.4473908596873235
Tienda_938,125.6417645424105,80,400.16659938374926,8.318468534772768
Tienda_939,679.8088178911286,57,59.47870906698979,0.5597093156891708
Tienda_940,415.59085218895063,71,31.555210621722058,9.90732008018022
Tienda_941,306.28452456285913,30,91.62172545291926,6.637668265336946
Tienda_942,490.49503859053056,42,268.02559508794366,3.7795602111579054
Tienda_943,444.2207115438258,8,234.63460749718135,2.1054081188236595
Tienda_944,522.8101360777242,30,54.275270682992925,8.606791117308264
Tienda_945,981.5350187618258,89,107.97303691824406,7.133817990837024
Tienda_946,427.9402633314074,69,412.3897794886318,7.462625306251898
Tienda_947,796.9691200024355,5,121.78519650399357,6.671330348790411
Tienda_948,597.4908368949032,57,300.68019788016863,6.3077386000695075
Tienda_949,900.2179801967345,86,52.447209290693664,5.815996035177662
Tienda_950,419.4575660346148,51,464.4301122492262,8.059034911947478
Tienda_951,320.9668121678567,89,353.7176667735528,2.3528204320643074
Tienda_952,919.9173156912715,22,212.13344930373106,9.85472882237228
Tienda_953,139.18083738198882,59,417.491850878177,0.8139845519558631
Tienda_954,955.678085254902,40,260.85171669807846,7.36997074709674
Tienda_955,600.7662241038327,83,482.88117797653973,2.0436332465780382
Tienda_956,438.72689501837874,65,319.1735743082679,7.178310765496564
Tienda_957,995.5470901052,55,75.57015667230958,4.93521423139495
Tienda_958,152.52638153286847,51,201.80275909844627,1.1013056847160818
Tienda_959,565.0357237908509,28,473.59126848778254,0.2936427454657675
Tienda_960,127.98736790999307,70,499.4151448844095,4.626185864550739
Tienda_961,614.0581652676101,5,83.71593058517587,0.09098777187457108
Tienda_962,262.421658095604,37,152.32418901017653,5.711709172856598
Tienda_963,667.8632803055774,17,56.65166406538966,5.931471013732786
Tienda_964,982.8313081755233,95,326.83128537090437,0.9629086158884137
Tienda_965,887.4122960911428,80,277.7973601219422,7.868489336128053
Tienda_966,506.6526244787836,30,445.5725296671579,8.767050378467548
Tienda_967,737.6147830465455,60,352.5118172901741,7.998486779424655
Tienda_968,799.7218750028703,74,392.02247202741097,4.558272856107348
Tienda_969,545.3587757643072,10,239.13605136318867,6.445897272294799
Tienda_970,575.6801411598086,19,182.1023969841963,3.8993663225508213
Tienda_971,235.70595853497335,92,157.47686454009195,9.288183687876678
Tienda_972,432.4599330507156,7,275.5867275148143,2.623527181180548
Tienda_973,227.99912776550798,96,367.50370469400775,2.6878568315460827
Tienda_974,754.2043780101063,69,253.05220836872317,0.4761367706614661
Tienda_975,529.3116949620369,92,14.896966501369524,4.077055800718291
Tienda_976,503.99095303608897,63,299.8862136288687,8.529862693696849
Tienda_977,897.3981740488161,29,410.3314313685616,2.6017453630921104
Tienda_978,574.8568950804053,50,377.902288491445,2.8443021636882215
Tienda_979,468.1817487251739,19,103.76095958893569,1.7563739948995916
Tienda_980,342.0028199913813,82,183.699866384334,5.495597509132412
Tienda_981,164.81083165279296,91,256.31616141424615,2.9187508962287856
Tienda_982,476.3225203527842,37,279.667478517851,3.0608235670585895
Tienda_983,123.17813416592503,96,307.63619734762096,5.9756310980801075
Tienda_984,362.0385464971852,77,222.17979312099808,0.42399317437382344
Tienda_985,553.1585588635569,43,439.71904142652255,0.8853079996263591
Tienda_986,969.33975851775,88,191.20164515599302,9.301012008202065
Tienda_987,198.44462277422613,25,437.05462270086474,5.053649937158272
Tienda_988,705.7369487949597,29,135.48523249262635,9.432615704093672
Tienda_989,549.93913398928,76,499.1095579768597,1.0236436344906785
Tienda_990,799.3884063482047,32,86.2578125257602,0.6452012657379724
Tienda_991,229.24629808678836,42,272.95229154722716,0.6291602149499476
Tienda_992,174.88237279228798,87,286.51042565289396,1.3691740928298712
Tienda_993,459.29674481720843,21,115.03581358399568,0.8540325788160685
Tienda_994,817.2660267819101,59,107.3531786249464,6.011320403785627
Tienda_995,272.5081650189011,57,289.19454610655566,9.600305642834668
Tienda_996,790.9994729325466,78,152.40448615110017,9.177019861317165
Tienda_997,361.26819735568137,10,476.18054478447453,2.8829223285860506
Tienda_998,295.2023388506158,71,463.9964807104824,9.422872426897733
Tienda_999,115.04403016930578,85,109.10861682596178,6.443083247651794
Tienda_1000,458.7931539301408,99,234.4793453475809,2.369955315048319
